{"all": 3.564223051071167, "adj": 3.5085606575012207, "adv": 3.460306167602539, "aux": 3.2779712677001953, "cconj": 3.2486486434936523, "det": 3.0343387126922607, "intj": 3.500730037689209, "noun": 3.72096848487854, "num": 3.271671772003174, "pron": 3.2926995754241943, "propn": 3.816384792327881, "punct": 0.0, "sconj": 3.2509021759033203, "sym": 0.0, "verb": 3.6017136573791504, "x": 3.3851451873779297, "prop": 3.1756458282470703}