{"all": 3.5457653999328613, "adj": 3.510840654373169, "adv": 3.4798882007598877, "aux": 3.3098621368408203, "cconj": 3.2143473625183105, "det": 3.1060028076171875, "intj": 3.502305507659912, "noun": 3.716754674911499, "num": 3.220221757888794, "pron": 3.2884764671325684, "propn": 3.803954601287842, "punct": 0.0, "sconj": 3.221393346786499, "sym": 0.0, "verb": 3.6010935306549072, "x": 3.3245179653167725, "prop": 3.1422080993652344}