{"all": 3.540471315383911, "adj": 3.507997751235962, "adv": 3.485273838043213, "aux": 3.331757068634033, "cconj": 3.26611065864563, "det": 3.151358127593994, "intj": 3.5683956146240234, "noun": 3.687889814376831, "num": 3.198767900466919, "pron": 3.323868989944458, "propn": 3.7968461513519287, "sconj": 3.334984064102173, "verb": 3.589350938796997, "x": 3.339583396911621, "prop": 3.161594867706299}