{"all": 3.554584264755249, "adj": 3.5327908992767334, "adv": 3.482396364212036, "aux": 3.328338146209717, "cconj": 3.2148830890655518, "det": 3.0913100242614746, "intj": 3.446169853210449, "noun": 3.731480598449707, "num": 3.2771339416503906, "pron": 3.301295280456543, "propn": 3.81227707862854, "sconj": 3.257453441619873, "sym": 0.0, "verb": 3.602503538131714, "x": 3.1004695892333984, "prop": 3.20442795753479}