{"all": 3.5436837673187256, "adj": 3.5069644451141357, "adv": 3.46708345413208, "aux": 3.3047077655792236, "cconj": 3.198146104812622, "det": 3.059030055999756, "intj": 3.534853458404541, "noun": 3.7195286750793457, "num": 3.2554101943969727, "pron": 3.3221144676208496, "propn": 3.7837698459625244, "sconj": 3.215170383453369, "verb": 3.5964834690093994, "x": 0.0, "prop": 3.1493067741394043}