{"all": 3.538820743560791, "adj": 3.500241279602051, "adv": 3.456681966781616, "aux": 3.2583041191101074, "cconj": 3.114511489868164, "det": 3.110252857208252, "intj": 3.5449657440185547, "noun": 3.708333730697632, "num": 3.2210710048675537, "pron": 3.2931690216064453, "propn": 3.7767648696899414, "punct": 0.0, "sconj": 3.2090165615081787, "sym": 0.0, "verb": 3.587827682495117, "x": 3.74265456199646, "prop": 3.115598440170288}