{"all": 3.5436348915100098, "adj": 3.503509044647217, "adv": 3.445230007171631, "aux": 3.2691099643707275, "cconj": 3.1883745193481445, "det": 3.0885119438171387, "intj": 3.4261326789855957, "noun": 3.723886013031006, "num": 3.2600553035736084, "pron": 3.295606851577759, "propn": 3.780031681060791, "punct": 0.0, "sconj": 3.2182109355926514, "sym": 0.0, "verb": 3.6040210723876953, "x": 3.0184202194213867, "prop": 3.122368097305298}