{"all": 3.5573933124542236, "adj": 3.5440642833709717, "adv": 3.497433662414551, "aux": 3.44175386428833, "cconj": 3.297543525695801, "det": 3.1523449420928955, "intj": 3.719214916229248, "noun": 3.7301340103149414, "num": 3.3006482124328613, "pron": 3.35628080368042, "propn": 3.8020715713500977, "sconj": 3.347795009613037, "verb": 3.6185991764068604, "x": 3.9092249870300293, "prop": 3.2024829387664795}