{"all": 3.5495221614837646, "adj": 3.5060312747955322, "adv": 3.507368326187134, "aux": 3.3799498081207275, "cconj": 3.2397148609161377, "det": 3.1842944622039795, "intj": 3.53800368309021, "noun": 3.6896560192108154, "num": 3.1871891021728516, "pron": 3.2982823848724365, "propn": 3.7944393157958984, "sconj": 3.290651321411133, "verb": 3.5997085571289062, "prop": 3.150036096572876}