{"all": 3.541818141937256, "adj": 3.532223701477051, "adv": 3.4848499298095703, "aux": 3.3018417358398438, "cconj": 3.158276319503784, "det": 3.102877140045166, "intj": 3.5554962158203125, "noun": 3.725461959838867, "num": 3.253283739089966, "pron": 3.3161141872406006, "propn": 3.8114590644836426, "sconj": 3.2123732566833496, "verb": 3.5996856689453125, "x": 3.3076257705688477, "prop": 3.199180841445923}