{"all": 3.5572476387023926, "adj": 3.5062732696533203, "adv": 3.520529270172119, "aux": 3.3879246711730957, "cconj": 3.3714988231658936, "det": 3.178471326828003, "intj": 3.738450527191162, "noun": 3.717582941055298, "num": 3.2568910121917725, "pron": 3.3460018634796143, "propn": 3.8013174533843994, "sconj": 3.3224949836730957, "verb": 3.607844829559326, "x": 3.550196886062622, "prop": 3.1983160972595215}