{"all": 3.5613667964935303, "adj": 3.4971981048583984, "adv": 3.444664478302002, "aux": 3.187607765197754, "cconj": 3.226781129837036, "det": 3.0041096210479736, "intj": 3.5314650535583496, "noun": 3.679237127304077, "num": 3.174755334854126, "pron": 3.2807610034942627, "propn": 3.799534320831299, "sconj": 3.116619825363159, "verb": 3.555461883544922, "x": 3.781033992767334, "prop": 3.151059865951538}