{"all": 3.5631401538848877, "adj": 3.538484811782837, "adv": 3.5200068950653076, "aux": 3.3913986682891846, "cconj": 3.259326696395874, "det": 3.184788227081299, "intj": 3.831578016281128, "noun": 3.724574565887451, "num": 3.2948737144470215, "pron": 3.344805955886841, "propn": 3.8148202896118164, "sconj": 3.3688852787017822, "verb": 3.613785982131958, "x": 3.5878841876983643, "prop": 3.27716064453125}