{"all": 3.534635066986084, "adj": 3.523284673690796, "adv": 3.482344627380371, "aux": 3.319420099258423, "cconj": 3.153749465942383, "det": 3.0873849391937256, "intj": 3.563568592071533, "noun": 3.733383893966675, "num": 3.2960870265960693, "pron": 3.3441319465637207, "propn": 3.764944553375244, "sconj": 3.2463510036468506, "sym": 0.0, "verb": 3.5923068523406982, "x": 3.5569422245025635, "prop": 3.210902690887451}