{"all": 3.5726094245910645, "adj": 3.5145773887634277, "adv": 3.5007777214050293, "aux": 3.2831685543060303, "cconj": 3.379721164703369, "det": 3.171959161758423, "intj": 3.667951822280884, "noun": 3.7050857543945312, "num": 3.2960758209228516, "pron": 3.312528371810913, "propn": 3.826112985610962, "punct": 0.0, "sconj": 3.2852556705474854, "verb": 3.603562831878662, "x": 3.6810684204101562, "prop": 3.1499857902526855}