{"all": 3.5454578399658203, "adj": 3.4973671436309814, "adv": 3.4730334281921387, "aux": 3.296349287033081, "cconj": 3.153249502182007, "det": 3.0546417236328125, "intj": 3.629864454269409, "noun": 3.7044408321380615, "num": 3.2695465087890625, "pron": 3.2889609336853027, "propn": 3.760634422302246, "sconj": 3.212599277496338, "verb": 3.589717388153076, "x": 3.717837333679199, "prop": 3.109546422958374}