{"all": 3.5379528999328613, "adj": 3.514559268951416, "adv": 3.474161386489868, "aux": 3.2973530292510986, "cconj": 3.207890272140503, "det": 3.096029043197632, "intj": 3.4241225719451904, "noun": 3.737790822982788, "num": 3.2701199054718018, "pron": 3.3667094707489014, "propn": 3.7963507175445557, "sconj": 3.277805805206299, "sym": 0.0, "verb": 3.5988242626190186, "prop": 3.2004051208496094}