{"all": 3.5499792098999023, "adj": 3.5094523429870605, "adv": 3.5095622539520264, "aux": 3.389819860458374, "cconj": 3.318514108657837, "det": 3.173866033554077, "intj": 3.602749824523926, "noun": 3.6918108463287354, "num": 3.215372085571289, "pron": 3.3152785301208496, "propn": 3.8100428581237793, "sconj": 3.326847553253174, "verb": 3.5934932231903076, "prop": 3.1780002117156982}