{"all": 0.0018814340000972152, "adj": 0.000977413379587233, "adp": 0.017222251743078232, "adv": 0.003379562171176076, "aux": 0.027173059061169624, "det": 0.05226254090666771, "intj": 0.0001533626636955887, "noun": 0.0006744271377101541, "num": 0.005440739449113607, "pron": 0.013949788175523281, "propn": 0.000985839986242354, "sconj": 0.009451794438064098, "sym": NaN, "verb": 0.0007136085187084973, "x": 0.008885949850082397, "prop": 0.037779081612825394}