{"all": 0.001672883634455502, "adj": 0.0008589858771301806, "adp": 0.01602027378976345, "adv": 0.002937906188890338, "aux": 0.026343969628214836, "det": 0.049999259412288666, "intj": 0.00015898674610070884, "noun": 0.000603288586717099, "num": 0.005440739449113607, "pron": 0.013625656254589558, "propn": 0.0008729806868359447, "sconj": 0.00861982349306345, "sym": 0.00011971359344897792, "verb": 0.0006665053078904748, "x": 0.00870904978364706, "prop": 0.034919869154691696}