{"all": 0.0022295082453638315, "adj": 0.000505354895722121, "adv": 0.0018842691788449883, "aux": 0.02122662216424942, "cconj": 0.02433040738105774, "det": 0.042281851172447205, "intj": 0.00014005586854182184, "noun": 0.0004124145780224353, "num": 0.003258342854678631, "pron": 0.009697403758764267, "propn": 0.0005350111750885844, "sconj": 0.006020649336278439, "sym": 0.00011971359344897792, "verb": 0.00037054528365843, "x": 0.00017696090799290687, "prop": 0.013916878029704094}