{"all": 0.001745083020068705, "adj": 0.00026004185201600194, "adv": 0.0012054388644173741, "aux": 0.0034287020098417997, "cconj": 0.024429067969322205, "det": 0.022091899067163467, "intj": 0.00020497986406553537, "noun": 0.0002007714647334069, "num": 0.0013274536468088627, "pron": 0.013047832995653152, "propn": 0.00023745317594148219, "sconj": 0.0038628296460956335, "verb": 0.00021234160521999002, "x": 0.00013604418199975044, "prop": 0.011864417232573032}