{"all": 0.0009629465639591217, "adj": 0.0002884355199057609, "adp": 0.009773454628884792, "adv": 0.0011673441622406244, "aux": 0.0031682047992944717, "det": 0.022494325414299965, "intj": 0.00023366938694380224, "noun": 0.00018856416863854975, "num": 0.0013528057606890798, "pron": 0.012758680619299412, "propn": 0.00022890542459208518, "sconj": 0.002569334814324975, "verb": 0.0002251539408462122, "x": 0.00013903270883020014, "prop": 0.026368455961346626}