{"all": 0.001527654123492539, "adj": 0.0004010964184999466, "adp": 0.013219148851931095, "adv": 0.001715875114314258, "aux": 0.004209865815937519, "det": 0.03362032398581505, "intj": 0.00026374185108579695, "noun": 0.000271672906819731, "num": 0.0017255799612030387, "pron": 0.015054230578243732, "propn": 0.000414522597566247, "sconj": 0.003209510585293174, "verb": 0.0003054940898437053, "x": 0.00018612771236803383, "prop": 0.03344731777906418}