{"all": 0.004583876114338636, "adj": 0.014033987186849117, "adp": 0.019789790734648705, "adv": 0.011219392530620098, "aux": 0.01457555778324604, "det": 0.030117513611912727, "intj": 0.001453333767130971, "noun": 0.0012576457811519504, "num": 0.0007422686903737485, "pron": 0.017991119995713234, "propn": 0.0012158042518422008, "punct": 0.0022846541833132505, "sconj": 0.01103281695395708, "sym": NaN, "verb": 0.0009288390283472836, "x": 0.00013789886725135148, "prop": 0.038147494196891785}