{"all": 0.005213933065533638, "adj": 0.015941614285111427, "adp": 0.020836548879742622, "adv": 0.01229856163263321, "aux": 0.016047010198235512, "det": 0.0340598039329052, "intj": 0.001463402877561748, "noun": 0.0014297331217676401, "num": 0.0007925638929009438, "pron": 0.018378790467977524, "propn": 0.0014137729303911328, "punct": 0.0022846541833132505, "sconj": 0.012257145717740059, "sym": NaN, "verb": 0.0010453754803165793, "x": 0.00013789886725135148, "prop": 0.04122881218791008}