{"all": 0.006139091681689024, "adj": 0.0061164298094809055, "adv": 0.00574502581730485, "aux": 0.009461822919547558, "cconj": 0.020724887028336525, "det": 0.01938348077237606, "intj": 0.0007110856822691858, "noun": 0.000667273357976228, "num": 0.0005934821092523634, "pron": 0.015027709305286407, "propn": 0.0004251388891134411, "punct": 0.0, "sconj": 0.008564521558582783, "sym": 0.0, "verb": 0.0005074249929748476, "x": 0.00019077074830420315, "prop": 0.013940076343715191}