{"all": 0.006151458248496056, "adj": 0.01811421662569046, "adp": 0.021019572392106056, "adv": 0.010148364119231701, "aux": 0.01025783084332943, "det": 0.04166695475578308, "intj": 0.0009426101460121572, "noun": 0.0024779734667390585, "num": 0.0028249830938875675, "pron": 0.021115906536579132, "propn": 0.0017082649283111095, "punct": NaN, "sconj": 0.012492861598730087, "sym": NaN, "verb": 0.0037234367337077856, "x": 0.0010251665953546762, "prop": 0.028904516249895096}