{"all": 0.004812487866729498, "adj": 0.005453622434288263, "adv": 0.004035141319036484, "aux": 0.007144602481275797, "cconj": 0.012547519989311695, "det": 0.029111402109265327, "intj": 0.0003909529186785221, "noun": 0.0010882113128900528, "num": 0.0023761186748743057, "pron": 0.015963708981871605, "propn": 0.00032781195477582514, "punct": 0.0, "sconj": 0.009116155095398426, "sym": 0.0, "verb": 0.0015397906536236405, "x": 0.016245553269982338, "prop": 0.016155103221535683}