{"all": 0.00535360025241971, "adj": 0.015584537759423256, "adp": 0.019958892837166786, "adv": 0.008972224779427052, "aux": 0.009945757687091827, "det": 0.038441259413957596, "intj": 0.0008963721338659525, "noun": 0.002248575445264578, "num": 0.002686407882720232, "pron": 0.020203454419970512, "propn": 0.0013542232336476445, "punct": NaN, "sconj": 0.01213991641998291, "sym": NaN, "verb": 0.003200734034180641, "x": 0.0010251665953546762, "prop": 0.027712706476449966}