{"all": 0.005426887888461351, "adj": 0.0029927289579063654, "adv": 0.00541686499491334, "aux": 0.01660548709332943, "cconj": 0.03080165758728981, "det": 0.06515620648860931, "intj": 0.0026822807267308235, "noun": 0.0009107314981520176, "num": 0.003924380987882614, "pron": 0.022797327488660812, "propn": 0.0018728331197053194, "sconj": 0.010096659883856773, "verb": 0.000989914988167584, "x": 0.0003009842475876212, "prop": 0.022760963067412376}