{"all": 0.004223673138767481, "adj": 0.0057824584655463696, "adp": 0.025998402386903763, "adv": 0.009513761848211288, "aux": 0.022675054147839546, "det": 0.06514345854520798, "intj": 0.004522788338363171, "noun": 0.0017061159014701843, "num": 0.003691611345857382, "pron": 0.02517717145383358, "propn": 0.0037851487286388874, "sconj": 0.012088453397154808, "verb": 0.0015903684543445706, "x": 0.015432532876729965, "prop": 0.05276860296726227}