{"all": 0.004726755898445845, "adj": 0.006518318317830563, "adp": 0.02647739090025425, "adv": 0.011089867912232876, "aux": 0.024057691916823387, "det": 0.06645715981721878, "intj": 0.00544349942356348, "noun": 0.001878864597529173, "num": 0.004191370215266943, "pron": 0.02603771910071373, "propn": 0.004866865463554859, "sconj": 0.012896282598376274, "verb": 0.0017866087146103382, "x": 0.016233962029218674, "prop": 0.058328717947006226}