{"all": 0.004341665655374527, "adj": 0.0015206268290057778, "adv": 0.0022303343284875154, "aux": 0.0021122077014297247, "cconj": 0.010377134196460247, "det": 0.01615864783525467, "intj": 0.00044431447167880833, "noun": 0.0012673928868025541, "num": 0.0002483092248439789, "pron": 0.005932650063186884, "propn": 0.0005795427714474499, "punct": 0.0, "sconj": 0.012612486258149147, "verb": 0.0016792608657851815, "x": 0.00030924822203814983, "prop": 0.0028422330506145954}