{"all": 0.005167268682271242, "adj": 0.008596963249146938, "adp": 0.02083238586783409, "adv": 0.009817359037697315, "aux": 0.017209118232131004, "det": 0.051015350967645645, "intj": 0.0019089457346126437, "noun": 0.0010700331768020988, "num": 0.0004108827852178365, "pron": 0.022710861638188362, "propn": 0.005052915308624506, "punct": NaN, "sconj": 0.018358713015913963, "verb": 0.0030091572552919388, "x": NaN, "prop": 0.05031881853938103}