{"all": 0.005756183061748743, "adj": 0.009840887039899826, "adp": 0.02151275984942913, "adv": 0.01041868980973959, "aux": 0.018203916028141975, "det": 0.05265754461288452, "intj": 0.001962316455319524, "noun": 0.001203093328513205, "num": 0.0004209441540297121, "pron": 0.023519963026046753, "propn": 0.005698180757462978, "punct": NaN, "sconj": 0.01994001865386963, "verb": 0.0033685946837067604, "x": NaN, "prop": 0.05031881853938103}