{"all": 0.03662814944982529, "adj": 0.01880831830203533, "adv": 0.02095712535083294, "aux": 0.05461152642965317, "cconj": 0.08511501550674438, "det": 0.07102164626121521, "intj": 0.025225184857845306, "noun": 0.007165094371885061, "num": 0.02415519952774048, "pron": 0.04998822510242462, "propn": 0.007836258970201015, "punct": 0.0, "sconj": 0.043585505336523056, "verb": 0.010603324510157108, "x": 0.0006993494462221861, "prop": 0.06478958576917648}