{"all": 0.0001886376121547073, "adj": 0.00012555478315334767, "adv": 0.00013288980699144304, "aux": 0.00025553975137881935, "cconj": 0.0003896693524438888, "det": 0.0009904567850753665, "intj": 0.00012785823491867632, "noun": 0.00011826851550722495, "num": 0.00012395107478369027, "pron": 0.00034518263419158757, "propn": 0.00016289472114294767, "punct": 0.0, "sconj": 0.00017781842325348407, "verb": 0.00012326180876698345, "x": 0.00012242414231877774, "prop": 0.0003090148966293782}