{"all": 0.006766146514564753, "adj": 0.0033122010063380003, "adv": 0.0054189283400774, "aux": 0.010041851550340652, "cconj": 0.028921572491526604, "det": 0.033192381262779236, "intj": 0.0011229362571612, "noun": 0.000553770805709064, "num": 0.00029835262103006244, "pron": 0.01605265773832798, "propn": 0.0016481863567605615, "punct": 0.0, "sconj": 0.01176222413778305, "verb": 0.0014310069382190704, "x": 8.690550021128729e-05, "prop": 0.013614448718726635}