{"all": 0.005569159053266048, "adj": 0.007802343461662531, "adp": 0.02871166355907917, "adv": 0.010604387149214745, "aux": 0.0210246741771698, "det": 0.0626130998134613, "intj": 0.0029930919408798218, "noun": 0.0016145833069458604, "num": 0.005014485213905573, "pron": 0.030604897066950798, "propn": 0.002251125406473875, "punct": 0.01111589279025793, "sconj": 0.02023281343281269, "verb": 0.0021334022749215364, "x": 0.0029158517718315125, "prop": 0.037999916821718216}