{"all": 0.004942114464938641, "adj": 0.007044510450214148, "adp": 0.027220487594604492, "adv": 0.009011317975819111, "aux": 0.020747646689414978, "det": 0.05957365408539772, "intj": 0.0026663814205676317, "noun": 0.0014343163929879665, "num": 0.004472582601010799, "pron": 0.028962276875972748, "propn": 0.002066572429612279, "punct": 0.01111589279025793, "sconj": 0.019886355847120285, "verb": 0.0018506275955587626, "x": 0.03409917280077934, "prop": 0.037999916821718216}