{"all": 0.004539864603430033, "adj": 0.003734214697033167, "adv": 0.006112612318247557, "aux": 0.017962316051125526, "cconj": 0.03137002885341644, "det": 0.05195937678217888, "intj": 0.0014562715077772737, "noun": 0.0009344444260932505, "num": 0.0033296148758381605, "pron": 0.026097992435097694, "propn": 0.0008161523146554828, "punct": 0.0, "sconj": 0.012959476560354233, "verb": 0.0009910573717206717, "x": 0.0006119750323705375, "prop": 0.024433953687548637}