{"all": 0.004690584260970354, "adj": 0.011374241672456264, "adp": 0.024651454761624336, "adv": 0.01745001971721649, "aux": 0.019823841750621796, "det": 0.039173755794763565, "intj": 0.005139845423400402, "noun": 0.0011638434370979667, "num": 0.007806506473571062, "pron": 0.018786560744047165, "propn": 0.0020310876425355673, "punct": NaN, "sconj": 0.0067497966811060905, "verb": 0.0013789923395961523, "x": 0.0007634500507265329, "prop": 0.022991282865405083}