{"all": 0.004097783472388983, "adj": 0.009581470862030983, "adp": 0.02325495332479477, "adv": 0.015167426317930222, "aux": 0.018792951479554176, "det": 0.03798181936144829, "intj": 0.004674296826124191, "noun": 0.0010468760738149285, "num": 0.007273399271070957, "pron": 0.017826935276389122, "propn": 0.0017316247103735805, "punct": NaN, "sconj": 0.006466977298259735, "verb": 0.0012398025719448924, "x": 0.0007634500507265329, "prop": 0.022991282865405083}