{"all": 0.005679713096469641, "adj": 0.0029593624640256166, "adv": 0.007459008134901524, "aux": 0.011989004909992218, "cconj": 0.01581035926938057, "det": 0.02525489591062069, "intj": 0.0067059644497931, "noun": 0.00046823217417113483, "num": 0.0060427226126194, "pron": 0.011877809651196003, "propn": 0.0005050869076512754, "punct": 0.00021154346177354455, "sconj": 0.0030262551736086607, "verb": 0.0005558743141591549, "x": 0.00030139830778352916, "prop": 0.013639641925692558}