{"all": 0.00026603907463140786, "adj": 0.00011798104969784617, "adv": 0.0001349031663266942, "aux": 0.0004478061746340245, "cconj": 0.0025126468390226364, "det": 0.007359832525253296, "intj": 0.00011347729014232755, "noun": 0.00012453654198907316, "num": 0.00011966148304054514, "pron": 0.0006264970870688558, "propn": 0.00012760385288856924, "punct": 0.0, "sconj": 0.0004841801128350198, "verb": 0.00011644407641142607, "x": 9.913247777149081e-05, "prop": 0.0014831736916676164}