{"all": 0.0010276103857904673, "adj": 0.00013500358909368515, "adv": 0.0001662059366935864, "aux": 0.00498006260022521, "cconj": 0.010912210680544376, "det": 0.022103948518633842, "intj": 0.00012571840488817543, "noun": 0.0002339469938306138, "num": 0.00017822875815909356, "pron": 0.007023773621767759, "propn": 0.00019592838361859322, "sconj": 0.002648294670507312, "verb": 0.00014226928760763258, "x": 0.00014927667507436126, "prop": 0.00805326085537672}