{"all": 0.0013760578585788608, "adj": 0.0002750350395217538, "adv": 0.0008403430110774934, "aux": 0.010561378672719002, "cconj": 0.01381829846650362, "det": 0.018640508875250816, "intj": 0.00016788134234957397, "noun": 0.00016373538528569043, "num": 0.00019617450016085058, "pron": 0.007801748346537352, "propn": 0.00035759626189246774, "sconj": 0.004413427785038948, "sym": 0.0, "verb": 0.0002218278677901253, "prop": 0.010718894191086292}