{"all": 0.0005047494196332991, "adj": 0.00015104369958862662, "adv": 0.00014019895752426237, "aux": 0.0024028632324188948, "cconj": 0.0094511229544878, "det": 0.0116564417257905, "intj": 0.00011377109331078827, "noun": 0.00011824718239950016, "num": 0.00016070861602202058, "pron": 0.004611709155142307, "propn": 0.00012487414642237127, "punct": 0.0, "sconj": 0.001148840063251555, "sym": 0.0, "verb": 0.00012392742792144418, "x": 9.59162789513357e-05, "prop": 0.002662661485373974}