{"all": 0.0008570689824409783, "adj": 0.00018688084674067795, "adv": 0.00019118128693662584, "aux": 0.0060848998837172985, "cconj": 0.013016021810472012, "det": 0.01804254576563835, "intj": 0.00022821473248768598, "noun": 0.00012078405416104943, "num": 0.00013839192979503423, "pron": 0.006307239644229412, "propn": 0.00024684370146133006, "sconj": 0.000222804446821101, "sym": 0.0, "verb": 0.00015386207087431103, "x": 0.00017349053814541548, "prop": 0.008219171315431595}