{"all": 0.0006824994925409555, "adj": 0.00020826169929932803, "adv": 0.00021096598356962204, "aux": 0.0015627924585714936, "cconj": 0.008472883142530918, "det": 0.015505984425544739, "intj": 0.0002860956883523613, "noun": 0.00012363064161036164, "num": 0.00019892804266419262, "pron": 0.00491290632635355, "propn": 0.00021697429474443197, "punct": 0.0, "sconj": 0.0019705896265804768, "sym": 0.0, "verb": 0.00018299775547347963, "x": 0.00016164669068530202, "prop": 0.004329423885792494}