{"all": 0.0008328749099746346, "adj": 0.00016731971118133515, "adv": 0.0002158003771910444, "aux": 0.00778181804344058, "cconj": 0.009647302329540253, "det": 0.014882734045386314, "intj": 0.00019941730715800077, "noun": 0.0001263045269297436, "num": 0.00012196564057376236, "pron": 0.006342485547065735, "propn": 0.00019086309475824237, "punct": 0.0, "sconj": 0.0004319273284636438, "sym": 0.0, "verb": 0.00023377558682113886, "x": 0.00010990953160217032, "prop": 0.006595036946237087}