{"all": 0.00042912852950394154, "adj": 0.0001299632858717814, "adv": 0.0005952163483016193, "aux": 0.0006487152422778308, "cconj": 0.008413664996623993, "det": 0.009512590244412422, "intj": 0.00011997554975096136, "noun": 0.00011766261741286144, "num": 0.00011894622002728283, "pron": 0.0018746613059192896, "propn": 0.00013902175123803318, "sconj": 0.0001772226969478652, "verb": 0.00011726353841368109, "prop": 0.0025070952251553535}