{"all": 0.0018795725191012025, "adj": 0.0003113662824034691, "adv": 0.0016824421472847462, "aux": 0.007833534851670265, "cconj": 0.01939929462969303, "det": 0.030363649129867554, "intj": 0.00012849434278905392, "noun": 0.00023134816728997976, "num": 0.0019464726792648435, "pron": 0.010098536498844624, "propn": 0.0002605378394946456, "sconj": 0.004245355725288391, "verb": 0.0002461397962179035, "x": 9.322824189439416e-05, "prop": 0.014215908944606781}