{"all": 0.0002586740883998573, "adj": 0.00012036098632961512, "adv": 0.00011872083996422589, "aux": 0.0002376736083533615, "cconj": 0.005949186161160469, "det": 0.007891927845776081, "intj": 0.00012417792459018528, "noun": 0.00011380317300790921, "num": 0.0001408323587384075, "pron": 0.0016832425026223063, "propn": 0.00013933470472693443, "sconj": 0.00013954374298918992, "verb": 0.00011435472697485238, "x": 0.00011695942521328107, "prop": 0.001077074441127479}