{"all": 0.0004200400726404041, "adj": 0.00013011223927605897, "adv": 0.00019236239313613623, "aux": 0.00028913546702824533, "cconj": 0.006814184132963419, "det": 0.010967448353767395, "intj": 9.983042400563136e-05, "noun": 0.00012150434486102313, "num": 0.00017266695795115083, "pron": 0.002427154453471303, "propn": 0.00013411539839580655, "sconj": 0.00047781559987924993, "verb": 0.00012165426596766338, "x": 9.797128586797044e-05, "prop": 0.0025235286448150873}