{"all": 0.002279476495459676, "adj": 0.0007053265580907464, "adv": 0.002845663344487548, "aux": 0.004927425645291805, "cconj": 0.010648234747350216, "det": 0.02974708005785942, "intj": 0.00013069063425064087, "noun": 0.00027073288219980896, "num": 0.007063267752528191, "pron": 0.013255389407277107, "propn": 0.000600624131038785, "sconj": 0.00962725281715393, "verb": 0.000392653833841905, "x": 9.664890239946544e-05, "prop": 0.013311932794749737}