{"all": 0.0005569870700128376, "adj": 0.00015197234461084008, "adv": 0.00019027639064006507, "aux": 0.0037640216760337353, "cconj": 0.01109208445996046, "det": 0.011193627491593361, "intj": 0.00020195097022224218, "noun": 0.00012065755436196923, "num": 0.0001349420053884387, "pron": 0.003489858005195856, "propn": 0.00019102997612208128, "sconj": 0.00018694154277909547, "verb": 0.0001369740057270974, "x": 0.0, "prop": 0.0029818143229931593}