{"all": 0.0005762574728578329, "adj": 0.00013303238665685058, "adv": 0.0006817934336140752, "aux": 0.0007064759847708046, "cconj": 0.009205847047269344, "det": 0.014113147743046284, "intj": 0.00013068114640191197, "noun": 0.00012015759421046823, "num": 0.0002981244761031121, "pron": 0.004147103056311607, "propn": 0.00012671640433836728, "punct": 0.0, "sconj": 0.00017307406233157963, "sym": 0.0, "verb": 0.00012563598284032196, "x": 0.00010354584082961082, "prop": 0.0034797328989952803}