{"all": 0.0004332692187745124, "adj": 0.0001288783096242696, "adv": 0.0001641445851419121, "aux": 0.0018827366875484586, "cconj": 0.0049335346557199955, "det": 0.008191585540771484, "intj": 0.00011604213068494573, "noun": 0.00011890293535543606, "num": 0.00014133527292869985, "pron": 0.0019363906467333436, "propn": 0.0003009897191077471, "sconj": 0.00016716099344193935, "verb": 0.00012378022074699402, "x": 0.00010217358794761822, "prop": 0.003004734870046377}