{"all": 0.00043232407188043, "adj": 0.00013397197471931577, "adv": 0.00021028940682299435, "aux": 0.0002993757661897689, "cconj": 0.00861254334449768, "det": 0.01161910779774189, "intj": 0.0001457545586163178, "noun": 0.0001189863687613979, "num": 0.00012182016507722437, "pron": 0.002549093682318926, "propn": 0.00022331903164740652, "sconj": 0.0003093671111855656, "verb": 0.00013758987188339233, "x": 0.00011928054300369695, "prop": 0.0033196755684912205}