{"all": 0.0009027046617120504, "adj": 0.00013907386164646596, "adv": 0.000748827587813139, "aux": 0.003482675179839134, "cconj": 0.011259030550718307, "det": 0.01715124398469925, "intj": 0.0002202360483352095, "noun": 0.00012975101708434522, "num": 0.00021535031555686146, "pron": 0.005716424901038408, "propn": 0.0004167166189290583, "sconj": 0.0019864016212522984, "sym": 0.0, "verb": 0.0001914958847919479, "x": 0.00010526205005589873, "prop": 0.005378612317144871}