{"all": 0.005125000141561031, "adj": 0.0012203727383166552, "adv": 0.00737046729773283, "aux": 0.018021386116743088, "cconj": 0.0358000174164772, "det": 0.03833221271634102, "intj": 0.002411414170637727, "noun": 0.0005413317121565342, "num": 0.005068205762654543, "pron": 0.02008090727031231, "propn": 0.0009586642263457179, "punct": 0.0, "sconj": 0.010786868631839752, "sym": 0.0, "verb": 0.0006955019198358059, "x": 9.22065373742953e-05, "prop": 0.023818757385015488}