{"all": 0.00037382214213721454, "adj": 0.00013276445679366589, "adv": 0.00017641898011788726, "aux": 0.0017793701263144612, "cconj": 0.006211473140865564, "det": 0.008328843861818314, "intj": 0.00012546341167762876, "noun": 0.00012092459655832499, "num": 0.00023172098735813051, "pron": 0.0007654285291209817, "propn": 0.00019375115516595542, "sconj": 0.0011783469235524535, "verb": 0.00012590478581842035, "prop": 0.002041897503659129}