{"all": 0.003889429150149226, "adj": 0.009799103252589703, "adv": 0.003618020098656416, "aux": 0.015437733381986618, "cconj": 0.05127494037151337, "det": 0.03999331593513489, "intj": 0.0072381761856377125, "noun": 0.0019888989627361298, "num": 0.0004938164493069053, "pron": 0.020332934334874153, "propn": 0.0011826013214886189, "punct": 0.0, "sconj": 0.01710221916437149, "sym": 0.0, "verb": 0.0010194637579843402, "x": 0.022280875593423843, "prop": 0.024519043043255806}