{"all": 0.0035589272156357765, "adj": 0.009051302447915077, "adp": 0.022696856409311295, "adv": 0.00410876702517271, "aux": 0.014652990736067295, "det": 0.04043988510966301, "intj": 0.007079131435602903, "noun": 0.0018502097809687257, "num": 0.0005063956486992538, "pron": 0.018563786521553993, "propn": 0.0010479751508682966, "punct": 0.006452519446611404, "sconj": 0.018468664959073067, "sym": 0.01622607931494713, "verb": 0.0011497954837977886, "x": 0.011872710660099983, "prop": 0.05795667693018913}