{"all": 0.005361916963011026, "adj": 0.006368714384734631, "adp": 0.0345611535012722, "adv": 0.007699259091168642, "aux": 0.03288227692246437, "det": 0.08220652490854263, "intj": 0.006232311017811298, "noun": 0.0017968164756894112, "num": 0.014666276052594185, "pron": 0.025789203122258186, "propn": 0.0036063063889741898, "sconj": 0.018888311460614204, "sym": NaN, "verb": 0.0021440957207232714, "x": 0.007235734723508358, "prop": 0.03939707949757576}