{"all": 0.006231783889234066, "adj": 0.0030234281439334154, "adv": 0.0053849671967327595, "aux": 0.02267279289662838, "cconj": 0.02642095275223255, "det": 0.07301472872495651, "intj": 0.0041719283908605576, "noun": 0.0008971865172497928, "num": 0.010254687629640102, "pron": 0.019730759784579277, "propn": 0.0014294333523139358, "sconj": 0.01938195712864399, "sym": 8.79393846844323e-05, "verb": 0.0011121353600174189, "x": 0.0005161230801604688, "prop": 0.024723339825868607}