{"all": 0.004847000818699598, "adj": 0.005802245810627937, "adp": 0.03361547738313675, "adv": 0.007189356721937656, "aux": 0.032287970185279846, "det": 0.07957969605922699, "intj": 0.006152158137410879, "noun": 0.001598113332875073, "num": 0.013469241559505463, "pron": 0.025249719619750977, "propn": 0.0030533690005540848, "sconj": 0.017740977928042412, "sym": NaN, "verb": 0.0019284640438854694, "x": 0.007235734723508358, "prop": 0.03791150078177452}